-- Run this in your Supabase SQL Editor

CREATE TABLE IF NOT EXISTS products (
  id BIGINT PRIMARY KEY GENERATED BY DEFAULT AS IDENTITY,
  name TEXT NOT NULL,
  description TEXT,
  price REAL NOT NULL,
  category TEXT,
  image TEXT,
  stock INTEGER DEFAULT 10
);

CREATE TABLE IF NOT EXISTS users (
  id BIGINT PRIMARY KEY GENERATED BY DEFAULT AS IDENTITY,
  email TEXT UNIQUE NOT NULL,
  password TEXT NOT NULL,
  name TEXT
);

CREATE TABLE IF NOT EXISTS orders (
  id BIGINT PRIMARY KEY GENERATED BY DEFAULT AS IDENTITY,
  user_id BIGINT REFERENCES users(id),
  total REAL NOT NULL,
  status TEXT DEFAULT 'pending',
  shipping_address TEXT,
  city TEXT,
  zip_code TEXT,
  payment_method TEXT,
  transaction_id TEXT,
  payment_phone TEXT,
  updated_by TEXT,
  created_at TIMESTAMPTZ DEFAULT NOW()
);

CREATE TABLE IF NOT EXISTS order_items (
  id BIGINT PRIMARY KEY GENERATED BY DEFAULT AS IDENTITY,
  order_id BIGINT REFERENCES orders(id) ON DELETE CASCADE,
  product_id BIGINT REFERENCES products(id) ON DELETE CASCADE,
  quantity INTEGER,
  price REAL
);

CREATE TABLE IF NOT EXISTS site_config (
  key TEXT PRIMARY KEY,
  value TEXT
);

CREATE TABLE IF NOT EXISTS categories (
  id BIGINT PRIMARY KEY GENERATED BY DEFAULT AS IDENTITY,
  name TEXT UNIQUE NOT NULL
);

CREATE TABLE IF NOT EXISTS admins (
  id BIGINT PRIMARY KEY GENERATED BY DEFAULT AS IDENTITY,
  email TEXT UNIQUE NOT NULL,
  password TEXT NOT NULL,
  name TEXT NOT NULL,
  profile_photo TEXT
);

CREATE TABLE IF NOT EXISTS support_tickets (
  id BIGINT PRIMARY KEY GENERATED BY DEFAULT AS IDENTITY,
  user_id BIGINT REFERENCES users(id),
  subject TEXT NOT NULL,
  status TEXT DEFAULT 'open',
  created_at TIMESTAMPTZ DEFAULT NOW(),
  updated_at TIMESTAMPTZ DEFAULT NOW()
);

CREATE TABLE IF NOT EXISTS support_messages (
  id BIGINT PRIMARY KEY GENERATED BY DEFAULT AS IDENTITY,
  ticket_id BIGINT REFERENCES support_tickets(id) ON DELETE CASCADE,
  sender_type TEXT NOT NULL,
  sender_id BIGINT,
  message TEXT,
  image_url TEXT,
  created_at TIMESTAMPTZ DEFAULT NOW()
);

CREATE TABLE IF NOT EXISTS subscribers (
  id BIGINT PRIMARY KEY GENERATED BY DEFAULT AS IDENTITY,
  email TEXT UNIQUE NOT NULL,
  created_at TIMESTAMPTZ DEFAULT NOW()
);

-- Insert initial data
INSERT INTO admins (email, password, name) VALUES 
('abdullah@malabez.com', '0504', 'Emon Hossan Miazi'),
('azim@malabez.com', 'azim@123', 'Azim Uddin')
ON CONFLICT (email) DO NOTHING;

INSERT INTO site_config (key, value) VALUES 
('brand_story_image', 'https://images.unsplash.com/photo-1564121211835-e88c852648ab?auto=format&fit=crop&q=80&w=800'),
('aesthetic_refinement_image', 'https://images.unsplash.com/photo-1573855619003-97b4799dcd8b?auto=format&fit=crop&q=80&w=1920'),
('hero_image', 'https://images.unsplash.com/photo-1511795409834-ef04bbd61622?auto=format&fit=crop&q=80&w=1920')
ON CONFLICT (key) DO NOTHING;

INSERT INTO categories (name) VALUES 
('Panjabi'), ('Saree'), ('Clothing'), ('Shoes'), ('Bags'), ('Watches')
ON CONFLICT (name) DO NOTHING;

INSERT INTO products (name, description, price, category, image) VALUES 
('Premium Royal Silk Panjabi', 'Hand-embroidered silk panjabi, perfect for Eid and weddings.', 4500, 'Panjabi', 'https://images.unsplash.com/photo-1597983073492-bc24159b4c03?auto=format&fit=crop&q=80&w=800'),
('Cotton Comfort Panjabi', 'Breathable high-quality cotton panjabi for daily comfort.', 1850, 'Panjabi', 'https://images.unsplash.com/photo-1621335829175-95f437384d7c?auto=format&fit=crop&q=80&w=800'),
('Jamdani Heritage Saree', 'Authentic hand-woven Dhakai Jamdani saree.', 8500, 'Saree', 'https://images.unsplash.com/photo-1610030469983-98e550d6193c?auto=format&fit=crop&q=80&w=800'),
('Silk Katan Saree', 'Rich silk katan saree with gorgeous par and anchal.', 12000, 'Saree', 'https://images.unsplash.com/photo-1583391733956-3750e0ff4e8b?auto=format&fit=crop&q=80&w=800'),
('Formal Executive Shirt', 'Slim-fit formal shirt for the modern professional.', 1450, 'Clothing', 'https://images.unsplash.com/photo-1602810318383-e386cc2a3ccf?auto=format&fit=crop&q=80&w=800'),
('Urban Denim Jacket', 'Premium denim jacket for a stylish winter look.', 2800, 'Clothing', 'https://images.unsplash.com/photo-1551537482-f2075a1d41f2?auto=format&fit=crop&q=80&w=800'),
('Genuine Leather Loafers', 'Handcrafted leather loafers for ultimate style and comfort.', 3500, 'Shoes', 'https://images.unsplash.com/photo-1533867617858-e7b97e060509?auto=format&fit=crop&q=80&w=800'),
('Casual Urban Sneakers', 'Trendy sneakers for everyday urban lifestyle.', 2200, 'Shoes', 'https://images.unsplash.com/photo-1542291026-7eec264c27ff?auto=format&fit=crop&q=80&w=800'),
('Traditional Festive Potli', 'Gold-embroidered potli bag for festive occasions.', 1200, 'Bags', 'https://images.unsplash.com/photo-1614179662397-885f9a6ee23b?auto=format&fit=crop&q=80&w=800'),
('Executive Leather Laptop Bag', 'Sleek and professional leather bag for work.', 4800, 'Bags', 'https://images.unsplash.com/photo-1548036328-c9fa89d128fa?auto=format&fit=crop&q=80&w=800'),
('Classic Silver Timepiece', 'Elegant silver watch with a minimalist design.', 5500, 'Watches', 'https://images.unsplash.com/photo-1524592094714-0f0654e20314?auto=format&fit=crop&q=80&w=800'),
('Modern Smart Fitness Watch', 'Advanced health tracking and notifications.', 3800, 'Watches', 'https://images.unsplash.com/photo-1508685096489-7aacd43bd3b1?auto=format&fit=crop&q=80&w=800');
